repository,original_path,repository_path,content_bytes,sha256,storage,desktop_file_bytes,desktop_file_sha256
"chess6","group1/aipdf/older style/Complete Chess PDF Courses/01 - Ruy Lopez/00 - Complete Course Book.pdf","library/group1/aipdf/older style/Complete Chess PDF Courses/01 - Ruy Lopez/00 - Complete Course Book.pdf","2850596","5d42cb4cf38136944989f291983c26e3412ee835798b48115be7e9653610965f","git","2850596","5d42cb4cf38136944989f291983c26e3412ee835798b48115be7e9653610965f"
"chess6","group1/aipdf/older style/Complete Chess PDF Courses/01 - Ruy Lopez/01 - Active Training Workbook.pdf","library/group1/aipdf/older style/Complete Chess PDF Courses/01 - Ruy Lopez/01 - Active Training Workbook.pdf","2788279","ba2b60beddb681e0e582523bf6250c3843c534512496a4929bd289ca81dd38be","git","2788279","ba2b60beddb681e0e582523bf6250c3843c534512496a4929bd289ca81dd38be"
"chess6","group1/aipdf/older style/Complete Chess PDF Courses/02 - Kings Indian Defense/00 - Complete Course Book.pdf","library/group1/aipdf/older style/Complete Chess PDF Courses/02 - Kings Indian Defense/00 - Complete Course Book.pdf","2625747","36544889c2a4509fd8a37cf9b0e89c58cbc26b7109fc06dbc7bac154b9ea8859","git","2625747","36544889c2a4509fd8a37cf9b0e89c58cbc26b7109fc06dbc7bac154b9ea8859"
"chess6","group1/aipdf/older style/Complete Chess PDF Courses/02 - Kings Indian Defense/01 - Active Training Workbook.pdf","library/group1/aipdf/older style/Complete Chess PDF Courses/02 - Kings Indian Defense/01 - Active Training Workbook.pdf","2559006","71ba2dd5c962a776be6188c61b89279afec75866e6a5cb2b37b53fb7f118ba0d","git","2559006","71ba2dd5c962a776be6188c61b89279afec75866e6a5cb2b37b53fb7f118ba0d"
"chess6","group1/aipdf/older style/Complete Chess PDF Courses/03 - Kings Indian Attack/00 - Complete Course Book.pdf","library/group1/aipdf/older style/Complete Chess PDF Courses/03 - Kings Indian Attack/00 - Complete Course Book.pdf","4239028","303461fbe891c67ff96badd426a80d7a882963a4f82ddd878195d7bc8f8734c2","git","4239028","303461fbe891c67ff96badd426a80d7a882963a4f82ddd878195d7bc8f8734c2"
"chess6","group1/aipdf/older style/Complete Chess PDF Courses/03 - Kings Indian Attack/01 - Active Training Workbook.pdf","library/group1/aipdf/older style/Complete Chess PDF Courses/03 - Kings Indian Attack/01 - Active Training Workbook.pdf","4128757","4e3f0ae29a8ce47b2da26db56666724283d8bcc1a405ac8874e36b74161829b0","git","4128757","4e3f0ae29a8ce47b2da26db56666724283d8bcc1a405ac8874e36b74161829b0"
"chess6","group1/aipdf/older style/Complete Chess PDF Courses/04 - Queens Gambit/00 - Complete Course Book.pdf","library/group1/aipdf/older style/Complete Chess PDF Courses/04 - Queens Gambit/00 - Complete Course Book.pdf","3324429","04442048b764ba6b400ae276e4894f2e95da9b6196505a752db7a3e70fcadb3b","git","3324429","04442048b764ba6b400ae276e4894f2e95da9b6196505a752db7a3e70fcadb3b"
"chess6","group1/aipdf/older style/Complete Chess PDF Courses/04 - Queens Gambit/01 - Active Training Workbook.pdf","library/group1/aipdf/older style/Complete Chess PDF Courses/04 - Queens Gambit/01 - Active Training Workbook.pdf","3243687","9f9506b5fda11e745a5bb682eee5da4acdf2cf53bff2645940774f0c06ddc0c9","git","3243687","9f9506b5fda11e745a5bb682eee5da4acdf2cf53bff2645940774f0c06ddc0c9"
"chess6","group1/aipdf/older style/Complete Chess PDF Courses/05 - Kings Gambit/00 - Complete Course Book.pdf","library/group1/aipdf/older style/Complete Chess PDF Courses/05 - Kings Gambit/00 - Complete Course Book.pdf","4270793","7b94a4735d982a79faabeb47b6daf44cd07b075346066028cd9be8de326676bb","git","4270793","7b94a4735d982a79faabeb47b6daf44cd07b075346066028cd9be8de326676bb"
"chess6","group1/aipdf/older style/Complete Chess PDF Courses/05 - Kings Gambit/01 - Active Training Workbook.pdf","library/group1/aipdf/older style/Complete Chess PDF Courses/05 - Kings Gambit/01 - Active Training Workbook.pdf","4158362","9567de056434a7c67894ceb0644c3fa3fa594ee0966f8b434a9a1c1d54b4d88b","git","4158362","9567de056434a7c67894ceb0644c3fa3fa594ee0966f8b434a9a1c1d54b4d88b"
"chess6","group1/aipdf/older style/Complete Chess PDF Courses/06 - Sicilian Defense/00 - Complete Course Book.pdf","library/group1/aipdf/older style/Complete Chess PDF Courses/06 - Sicilian Defense/00 - Complete Course Book.pdf","2788356","5a8461f0455370d1155272586f4526308102e5157f1d8402d65148963dab62be","git","2788356","5a8461f0455370d1155272586f4526308102e5157f1d8402d65148963dab62be"
"chess6","group1/aipdf/older style/Complete Chess PDF Courses/06 - Sicilian Defense/01 - Active Training Workbook.pdf","library/group1/aipdf/older style/Complete Chess PDF Courses/06 - Sicilian Defense/01 - Active Training Workbook.pdf","2725127","01beac7e9c9843480172374f0d15aec263ad32b8e288cf6136a30fb93f5674ff","git","2725127","01beac7e9c9843480172374f0d15aec263ad32b8e288cf6136a30fb93f5674ff"
"chess6","group1/aipdf/older style/Complete Chess PDF Courses/07 - Caro-Kann Defense/00 - Complete Course Book.pdf","library/group1/aipdf/older style/Complete Chess PDF Courses/07 - Caro-Kann Defense/00 - Complete Course Book.pdf","2767121","78bbd1567b1e44a716652b44fba42b3dac0c5d73793658ff3f3d5c41c152a1ea","git","2767121","78bbd1567b1e44a716652b44fba42b3dac0c5d73793658ff3f3d5c41c152a1ea"
"chess6","group1/aipdf/older style/Complete Chess PDF Courses/07 - Caro-Kann Defense/01 - Active Training Workbook.pdf","library/group1/aipdf/older style/Complete Chess PDF Courses/07 - Caro-Kann Defense/01 - Active Training Workbook.pdf","2704077","c5b7be05a927272f567599c45e09fad6856013d1414e02c20441d0556fef4123","git","2704077","c5b7be05a927272f567599c45e09fad6856013d1414e02c20441d0556fef4123"
"chess6","group1/aipdf/older style/Complete Chess PDF Courses/08 - Hippopotamus Defense/00 - Complete Course Book.pdf","library/group1/aipdf/older style/Complete Chess PDF Courses/08 - Hippopotamus Defense/00 - Complete Course Book.pdf","4233742","c1fa137f37ff61e3991f51776b0febbdf0e11d987a48875bbfc6039d9b9ee71f","git","4233742","c1fa137f37ff61e3991f51776b0febbdf0e11d987a48875bbfc6039d9b9ee71f"
"chess6","group1/aipdf/older style/Complete Chess PDF Courses/08 - Hippopotamus Defense/01 - Active Training Workbook.pdf","library/group1/aipdf/older style/Complete Chess PDF Courses/08 - Hippopotamus Defense/01 - Active Training Workbook.pdf","4114865","dd772e7786033c7d2032d3a8e4caa2ae3d04d5ae726333b2e682713eb60a34db","git","4114865","dd772e7786033c7d2032d3a8e4caa2ae3d04d5ae726333b2e682713eb60a34db"
"chess6","group1/aipdf/older style/Complete Chess PDF Courses/09 - Positional Chess/00 - Complete Course Book.pdf","library/group1/aipdf/older style/Complete Chess PDF Courses/09 - Positional Chess/00 - Complete Course Book.pdf","2759355","8db0148298694e027c8bb3ba5bb02c5b3cb36ea9273518b77bfd99d53deae0b0","git","2759355","8db0148298694e027c8bb3ba5bb02c5b3cb36ea9273518b77bfd99d53deae0b0"
"chess6","group1/aipdf/older style/Complete Chess PDF Courses/09 - Positional Chess/01 - Active Training Workbook.pdf","library/group1/aipdf/older style/Complete Chess PDF Courses/09 - Positional Chess/01 - Active Training Workbook.pdf","2674241","851440b7887c752fa3a48c461bfd7cbc231e0269337d3ab7981ab45448cd2e76","git","2674241","851440b7887c752fa3a48c461bfd7cbc231e0269337d3ab7981ab45448cd2e76"
"chess6","group1/aipdf/older style/Complete Chess PDF Courses/1 d4 2 c4 Complete White Repertoire/00 - Course Index and Study Order.txt","library/group1/aipdf/older style/Complete Chess PDF Courses/1 d4 2 c4 Complete White Repertoire/00 - Course Index and Study Order.txt","1974","eed164db9847cd3a331d6621e62b1326cafd6c4fc8625f7e5709eb32a1e2de68","git","1974","eed164db9847cd3a331d6621e62b1326cafd6c4fc8625f7e5709eb32a1e2de68"
"chess6","group1/aipdf/older style/Complete Chess PDF Courses/1 d4 2 c4 Complete White Repertoire/00 - Course QA.txt","library/group1/aipdf/older style/Complete Chess PDF Courses/1 d4 2 c4 Complete White Repertoire/00 - Course QA.txt","787","e9f831af295263060d32580d156ee7a69ddcc0f86c56cc6fbaaedee2cee0832f","git","787","e9f831af295263060d32580d156ee7a69ddcc0f86c56cc6fbaaedee2cee0832f"
"chess6","group1/aipdf/older style/Complete Chess PDF Courses/1 d4 2 c4 Complete White Repertoire/01 - Start Here and Foundations/00 - Complete Course Book.pdf","library/group1/aipdf/older style/Complete Chess PDF Courses/1 d4 2 c4 Complete White Repertoire/01 - Start Here and Foundations/00 - Complete Course Book.pdf","816892","ecf85755ec31f6995e6a079cc05104aaaf30e41bd0d804b6cf253a20f50f32ba","git","816892","ecf85755ec31f6995e6a079cc05104aaaf30e41bd0d804b6cf253a20f50f32ba"
"chess6","group1/aipdf/older style/Complete Chess PDF Courses/1 d4 2 c4 Complete White Repertoire/01 - Start Here and Foundations/01 - Active Training Workbook.pdf","library/group1/aipdf/older style/Complete Chess PDF Courses/1 d4 2 c4 Complete White Repertoire/01 - Start Here and Foundations/01 - Active Training Workbook.pdf","771455","227f29d008db9b4503b136da46404a5dbef5fa4b5355390ddb79ad199f964e95","git","771455","227f29d008db9b4503b136da46404a5dbef5fa4b5355390ddb79ad199f964e95"
"chess6","group1/aipdf/older style/Complete Chess PDF Courses/1 d4 2 c4 Complete White Repertoire/02 - Queens Gambit Accepted/00 - Complete Course Book.pdf","library/group1/aipdf/older style/Complete Chess PDF Courses/1 d4 2 c4 Complete White Repertoire/02 - Queens Gambit Accepted/00 - Complete Course Book.pdf","471970","a1314e62957079d228693dee0932328afd70cf0859d5eccf912797b09ce91c3e","git","471970","a1314e62957079d228693dee0932328afd70cf0859d5eccf912797b09ce91c3e"
"chess6","group1/aipdf/older style/Complete Chess PDF Courses/1 d4 2 c4 Complete White Repertoire/02 - Queens Gambit Accepted/01 - Active Training Workbook.pdf","library/group1/aipdf/older style/Complete Chess PDF Courses/1 d4 2 c4 Complete White Repertoire/02 - Queens Gambit Accepted/01 - Active Training Workbook.pdf","428105","407279f4756bac2554661246f1c0d41d95d22fd3a2091ffb40e00f996337f513","git","428105","407279f4756bac2554661246f1c0d41d95d22fd3a2091ffb40e00f996337f513"
"chess6","group1/aipdf/older style/Complete Chess PDF Courses/1 d4 2 c4 Complete White Repertoire/03 - QGD Exchange and Carlsbad/00 - Complete Course Book.pdf","library/group1/aipdf/older style/Complete Chess PDF Courses/1 d4 2 c4 Complete White Repertoire/03 - QGD Exchange and Carlsbad/00 - Complete Course Book.pdf","310463","2e9ba10f7af6747a6119560e48b2e57c5eaa42bdab940977078c9e96146e92b1","git","310463","2e9ba10f7af6747a6119560e48b2e57c5eaa42bdab940977078c9e96146e92b1"
"chess6","group1/aipdf/older style/Complete Chess PDF Courses/1 d4 2 c4 Complete White Repertoire/03 - QGD Exchange and Carlsbad/01 - Active Training Workbook.pdf","library/group1/aipdf/older style/Complete Chess PDF Courses/1 d4 2 c4 Complete White Repertoire/03 - QGD Exchange and Carlsbad/01 - Active Training Workbook.pdf","265707","1546042d8ea61e8e5dbb56bff3f50339e7457f79b6b67f87fe301d0fa84dfd36","git","265707","1546042d8ea61e8e5dbb56bff3f50339e7457f79b6b67f87fe301d0fa84dfd36"
"chess6","group1/aipdf/older style/Complete Chess PDF Courses/1 d4 2 c4 Complete White Repertoire/04 - QGD Main Systems/00 - Complete Course Book.pdf","library/group1/aipdf/older style/Complete Chess PDF Courses/1 d4 2 c4 Complete White Repertoire/04 - QGD Main Systems/00 - Complete Course Book.pdf","564412","4a8198d0a02a876af0dca8c35d1a7b70d6dc1b67b5b9fdccdd49b581a580c577","git","564412","4a8198d0a02a876af0dca8c35d1a7b70d6dc1b67b5b9fdccdd49b581a580c577"
"chess6","group1/aipdf/older style/Complete Chess PDF Courses/1 d4 2 c4 Complete White Repertoire/04 - QGD Main Systems/01 - Active Training Workbook.pdf","library/group1/aipdf/older style/Complete Chess PDF Courses/1 d4 2 c4 Complete White Repertoire/04 - QGD Main Systems/01 - Active Training Workbook.pdf","521349","fca463b33b8df2e0bea6f0994757306044b353359f70a6bf007584eb9cca29b2","git","521349","fca463b33b8df2e0bea6f0994757306044b353359f70a6bf007584eb9cca29b2"
"chess6","group1/aipdf/older style/Complete Chess PDF Courses/1 d4 2 c4 Complete White Repertoire/05 - Ragozin Vienna and Tarrasch/00 - Complete Course Book.pdf","library/group1/aipdf/older style/Complete Chess PDF Courses/1 d4 2 c4 Complete White Repertoire/05 - Ragozin Vienna and Tarrasch/00 - Complete Course Book.pdf","636936","fd784040d286619431809b8c96f008a2aa686e2ecabacdc8bd22b47886842f2b","git","636936","fd784040d286619431809b8c96f008a2aa686e2ecabacdc8bd22b47886842f2b"
"chess6","group1/aipdf/older style/Complete Chess PDF Courses/1 d4 2 c4 Complete White Repertoire/05 - Ragozin Vienna and Tarrasch/01 - Active Training Workbook.pdf","library/group1/aipdf/older style/Complete Chess PDF Courses/1 d4 2 c4 Complete White Repertoire/05 - Ragozin Vienna and Tarrasch/01 - Active Training Workbook.pdf","593549","3b3b23a2f32461338b02c6efe75c08dd29b5e828c5a1500f959f6eefa657249d","git","593549","3b3b23a2f32461338b02c6efe75c08dd29b5e828c5a1500f959f6eefa657249d"
"chess6","group1/aipdf/older style/Complete Chess PDF Courses/1 d4 2 c4 Complete White Repertoire/06 - Slav Defense/00 - Complete Course Book.pdf","library/group1/aipdf/older style/Complete Chess PDF Courses/1 d4 2 c4 Complete White Repertoire/06 - Slav Defense/00 - Complete Course Book.pdf","568339","0451e46bbfa769d1f5938ae2e83ca438524a8af5d0e220cb496ea5bb6eb33aef","git","568339","0451e46bbfa769d1f5938ae2e83ca438524a8af5d0e220cb496ea5bb6eb33aef"
"chess6","group1/aipdf/older style/Complete Chess PDF Courses/1 d4 2 c4 Complete White Repertoire/06 - Slav Defense/01 - Active Training Workbook.pdf","library/group1/aipdf/older style/Complete Chess PDF Courses/1 d4 2 c4 Complete White Repertoire/06 - Slav Defense/01 - Active Training Workbook.pdf","524989","d9cac7c38eaf2935c6305967bf3cc20a2d2f7279b503135b22fa514a021c602b","git","524989","d9cac7c38eaf2935c6305967bf3cc20a2d2f7279b503135b22fa514a021c602b"
"chess6","group1/aipdf/older style/Complete Chess PDF Courses/1 d4 2 c4 Complete White Repertoire/07 - Semi-Slav Defense/00 - Complete Course Book.pdf","library/group1/aipdf/older style/Complete Chess PDF Courses/1 d4 2 c4 Complete White Repertoire/07 - Semi-Slav Defense/00 - Complete Course Book.pdf","486479","33ea7aa658a6019f51fb1420d091fd2e7cc234abd8251c178efde42ca23531f3","git","486479","33ea7aa658a6019f51fb1420d091fd2e7cc234abd8251c178efde42ca23531f3"
"chess6","group1/aipdf/older style/Complete Chess PDF Courses/1 d4 2 c4 Complete White Repertoire/07 - Semi-Slav Defense/01 - Active Training Workbook.pdf","library/group1/aipdf/older style/Complete Chess PDF Courses/1 d4 2 c4 Complete White Repertoire/07 - Semi-Slav Defense/01 - Active Training Workbook.pdf","442601","1fb2ba9a55dfdbd925a3b74dbd99944caf70372b12bad8958b88809fae947044","git","442601","1fb2ba9a55dfdbd925a3b74dbd99944caf70372b12bad8958b88809fae947044"
"chess6","group1/aipdf/older style/Complete Chess PDF Courses/1 d4 2 c4 Complete White Repertoire/08 - 1 d5 Sidelines/00 - Complete Course Book.pdf","library/group1/aipdf/older style/Complete Chess PDF Courses/1 d4 2 c4 Complete White Repertoire/08 - 1 d5 Sidelines/00 - Complete Course Book.pdf","476127","71bf9e34db1fd96cf87fc08e2a2994dad1c20583be026524e6849e18843d44a1","git","476127","71bf9e34db1fd96cf87fc08e2a2994dad1c20583be026524e6849e18843d44a1"
"chess6","group1/aipdf/older style/Complete Chess PDF Courses/1 d4 2 c4 Complete White Repertoire/08 - 1 d5 Sidelines/01 - Active Training Workbook.pdf","library/group1/aipdf/older style/Complete Chess PDF Courses/1 d4 2 c4 Complete White Repertoire/08 - 1 d5 Sidelines/01 - Active Training Workbook.pdf","432133","a9643b8ff313ca54349e80489e11e1a598944dcb3c024772d42e0abba4e52452","git","432133","a9643b8ff313ca54349e80489e11e1a598944dcb3c024772d42e0abba4e52452"
"chess6","group1/aipdf/older style/Complete Chess PDF Courses/1 d4 2 c4 Complete White Repertoire/09 - Kings Indian Defense/00 - Complete Course Book.pdf","library/group1/aipdf/older style/Complete Chess PDF Courses/1 d4 2 c4 Complete White Repertoire/09 - Kings Indian Defense/00 - Complete Course Book.pdf","851370","d63bb6d24c1e804cd91b9061ead83e61ba31debf74d80d488bb97f0b2c7f391a","git","851370","d63bb6d24c1e804cd91b9061ead83e61ba31debf74d80d488bb97f0b2c7f391a"
"chess6","group1/aipdf/older style/Complete Chess PDF Courses/1 d4 2 c4 Complete White Repertoire/09 - Kings Indian Defense/01 - Active Training Workbook.pdf","library/group1/aipdf/older style/Complete Chess PDF Courses/1 d4 2 c4 Complete White Repertoire/09 - Kings Indian Defense/01 - Active Training Workbook.pdf","806924","e7a8bcfa4911e6c1d8bdb25992359bb1a2500b2a245b70c4c6aa3179ac1739fb","git","806924","e7a8bcfa4911e6c1d8bdb25992359bb1a2500b2a245b70c4c6aa3179ac1739fb"
"chess6","group1/aipdf/older style/Complete Chess PDF Courses/1 d4 2 c4 Complete White Repertoire/10 - Gruenfeld Defense/00 - Complete Course Book.pdf","library/group1/aipdf/older style/Complete Chess PDF Courses/1 d4 2 c4 Complete White Repertoire/10 - Gruenfeld Defense/00 - Complete Course Book.pdf","1328659","dd727e2342174c8709428167553529526ea16a66aa5b156c451b50ba6791f6dc","git","1328659","dd727e2342174c8709428167553529526ea16a66aa5b156c451b50ba6791f6dc"
"chess6","group1/aipdf/older style/Complete Chess PDF Courses/1 d4 2 c4 Complete White Repertoire/10 - Gruenfeld Defense/01 - Active Training Workbook.pdf","library/group1/aipdf/older style/Complete Chess PDF Courses/1 d4 2 c4 Complete White Repertoire/10 - Gruenfeld Defense/01 - Active Training Workbook.pdf","1285854","b9858b5cf2fedf21e00635791e7cc1dee2a7cb8afa3bfd1b4436ac465a2d4fbe","git","1285854","b9858b5cf2fedf21e00635791e7cc1dee2a7cb8afa3bfd1b4436ac465a2d4fbe"
"chess6","group1/aipdf/older style/Complete Chess PDF Courses/1 d4 2 c4 Complete White Repertoire/11 - Queens Indian and Bogo/00 - Complete Course Book.pdf","library/group1/aipdf/older style/Complete Chess PDF Courses/1 d4 2 c4 Complete White Repertoire/11 - Queens Indian and Bogo/00 - Complete Course Book.pdf","1267417","fa731802dd2aad51a9d11f0e319a47fc9a3d1db9495b17133b544fd0b3da74dc","git","1267417","fa731802dd2aad51a9d11f0e319a47fc9a3d1db9495b17133b544fd0b3da74dc"
"chess6","group1/aipdf/older style/Complete Chess PDF Courses/1 d4 2 c4 Complete White Repertoire/11 - Queens Indian and Bogo/01 - Active Training Workbook.pdf","library/group1/aipdf/older style/Complete Chess PDF Courses/1 d4 2 c4 Complete White Repertoire/11 - Queens Indian and Bogo/01 - Active Training Workbook.pdf","1224033","8b7bf18c3ecd35eb941a06167429d9dd425a887b6ab4b36703ed9ab6397ab164","git","1224033","8b7bf18c3ecd35eb941a06167429d9dd425a887b6ab4b36703ed9ab6397ab164"
"chess6","group1/aipdf/older style/Complete Chess PDF Courses/1 d4 2 c4 Complete White Repertoire/12 - Benoni Systems/00 - Complete Course Book.pdf","library/group1/aipdf/older style/Complete Chess PDF Courses/1 d4 2 c4 Complete White Repertoire/12 - Benoni Systems/00 - Complete Course Book.pdf","1361768","8feba8f40f56903779a841dd44d50a0bfe7365b065fbb6a530c9ce08131013f2","git","1361768","8feba8f40f56903779a841dd44d50a0bfe7365b065fbb6a530c9ce08131013f2"
"chess6","group1/aipdf/older style/Complete Chess PDF Courses/1 d4 2 c4 Complete White Repertoire/12 - Benoni Systems/01 - Active Training Workbook.pdf","library/group1/aipdf/older style/Complete Chess PDF Courses/1 d4 2 c4 Complete White Repertoire/12 - Benoni Systems/01 - Active Training Workbook.pdf","1317915","2c0260258eb0809ecbee73ab9142f1f40e7b020c153dfa0df285971fb717b320","git","1317915","2c0260258eb0809ecbee73ab9142f1f40e7b020c153dfa0df285971fb717b320"
"chess6","group1/aipdf/older style/Complete Chess PDF Courses/1 d4 2 c4 Complete White Repertoire/13 - Benko Gambit/00 - Complete Course Book.pdf","library/group1/aipdf/older style/Complete Chess PDF Courses/1 d4 2 c4 Complete White Repertoire/13 - Benko Gambit/00 - Complete Course Book.pdf","1429480","d4270d4458f68f216cd432f8729e427d387bab64982faa2212042a9cb5fac6b2","git","1429480","d4270d4458f68f216cd432f8729e427d387bab64982faa2212042a9cb5fac6b2"
"chess6","group1/aipdf/older style/Complete Chess PDF Courses/1 d4 2 c4 Complete White Repertoire/13 - Benko Gambit/01 - Active Training Workbook.pdf","library/group1/aipdf/older style/Complete Chess PDF Courses/1 d4 2 c4 Complete White Repertoire/13 - Benko Gambit/01 - Active Training Workbook.pdf","1386320","40ee151ed8dd7c49afe6ba1f6b5eacb251b15d1fdbc81ecdc81ca3e9a378ecd4","git","1386320","40ee151ed8dd7c49afe6ba1f6b5eacb251b15d1fdbc81ecdc81ca3e9a378ecd4"
"chess6","group1/aipdf/older style/Complete Chess PDF Courses/1 d4 2 c4 Complete White Repertoire/14 - Dutch Defense/00 - Complete Course Book.pdf","library/group1/aipdf/older style/Complete Chess PDF Courses/1 d4 2 c4 Complete White Repertoire/14 - Dutch Defense/00 - Complete Course Book.pdf","1766347","feb65f31152c516ba611f1bff610f7753cc717e355365dfad0a8673985fc6a6b","git","1766347","feb65f31152c516ba611f1bff610f7753cc717e355365dfad0a8673985fc6a6b"
"chess6","group1/aipdf/older style/Complete Chess PDF Courses/1 d4 2 c4 Complete White Repertoire/14 - Dutch Defense/01 - Active Training Workbook.pdf","library/group1/aipdf/older style/Complete Chess PDF Courses/1 d4 2 c4 Complete White Repertoire/14 - Dutch Defense/01 - Active Training Workbook.pdf","1723357","cbfb3083c433c89f5eabadb9f9c5eb38bef8a930b9a14ad5d414bee8afbf95b9","git","1723357","cbfb3083c433c89f5eabadb9f9c5eb38bef8a930b9a14ad5d414bee8afbf95b9"
"chess6","group1/aipdf/older style/Complete Chess PDF Courses/1 d4 2 c4 Complete White Repertoire/15 - Rare Defenses/00 - Complete Course Book.pdf","library/group1/aipdf/older style/Complete Chess PDF Courses/1 d4 2 c4 Complete White Repertoire/15 - Rare Defenses/00 - Complete Course Book.pdf","1813938","a1b195d21523d7a5ea9eaa9c20ab9a047331c73fd244504b22454a653fdb485d","git","1813938","a1b195d21523d7a5ea9eaa9c20ab9a047331c73fd244504b22454a653fdb485d"
"chess6","group1/aipdf/older style/Complete Chess PDF Courses/1 d4 2 c4 Complete White Repertoire/15 - Rare Defenses/01 - Active Training Workbook.pdf","library/group1/aipdf/older style/Complete Chess PDF Courses/1 d4 2 c4 Complete White Repertoire/15 - Rare Defenses/01 - Active Training Workbook.pdf","1770456","a1af5e09f657571fdd777352c03a753575b18af77ca6594198afdf4ffc3a9d9a","git","1770456","a1af5e09f657571fdd777352c03a753575b18af77ca6594198afdf4ffc3a9d9a"
"chess6","group1/aipdf/older style/Complete Chess PDF Courses/1 d4 2 c4 Complete White Repertoire/16 - Repertoire Pawn Structures/00 - Complete Course Book.pdf","library/group1/aipdf/older style/Complete Chess PDF Courses/1 d4 2 c4 Complete White Repertoire/16 - Repertoire Pawn Structures/00 - Complete Course Book.pdf","1512770","6465c72a029e001bc68565371d095441adafe44fa108b059c570047dd959827c","git","1512770","6465c72a029e001bc68565371d095441adafe44fa108b059c570047dd959827c"
"chess6","group1/aipdf/older style/Complete Chess PDF Courses/1 d4 2 c4 Complete White Repertoire/16 - Repertoire Pawn Structures/01 - Active Training Workbook.pdf","library/group1/aipdf/older style/Complete Chess PDF Courses/1 d4 2 c4 Complete White Repertoire/16 - Repertoire Pawn Structures/01 - Active Training Workbook.pdf","1468124","f87e8a9d102a8ae361346319aa007460748ffc3ea31762772b00a7b76de72c92","git","1468124","f87e8a9d102a8ae361346319aa007460748ffc3ea31762772b00a7b76de72c92"
"chess6","group1/aipdf/older style/Complete Chess PDF Courses/1 d4 2 c4 Complete White Repertoire/17 - Middlegame Plans/00 - Complete Course Book.pdf","library/group1/aipdf/older style/Complete Chess PDF Courses/1 d4 2 c4 Complete White Repertoire/17 - Middlegame Plans/00 - Complete Course Book.pdf","1618975","acea8183fa4e6483ebb9daf2341ad4f1632283556bd6c78baa2110ce85c6b549","git","1618975","acea8183fa4e6483ebb9daf2341ad4f1632283556bd6c78baa2110ce85c6b549"
"chess6","group1/aipdf/older style/Complete Chess PDF Courses/1 d4 2 c4 Complete White Repertoire/17 - Middlegame Plans/01 - Active Training Workbook.pdf","library/group1/aipdf/older style/Complete Chess PDF Courses/1 d4 2 c4 Complete White Repertoire/17 - Middlegame Plans/01 - Active Training Workbook.pdf","1574589","6acf4ea3a4b4d45a57dadc4f7b9d89774c9d1a76259d1987280d6f0a15cf490b","git","1574589","6acf4ea3a4b4d45a57dadc4f7b9d89774c9d1a76259d1987280d6f0a15cf490b"
"chess6","group1/aipdf/older style/Complete Chess PDF Courses/1 d4 2 c4 Complete White Repertoire/18 - Tactics and Calculation/00 - Complete Course Book.pdf","library/group1/aipdf/older style/Complete Chess PDF Courses/1 d4 2 c4 Complete White Repertoire/18 - Tactics and Calculation/00 - Complete Course Book.pdf","1700101","55c56586024d83395027f225abf90882cdca48a4868b3a87cfe0cf82ea4f9c30","git","1700101","55c56586024d83395027f225abf90882cdca48a4868b3a87cfe0cf82ea4f9c30"
"chess6","group1/aipdf/older style/Complete Chess PDF Courses/1 d4 2 c4 Complete White Repertoire/18 - Tactics and Calculation/01 - Active Training Workbook.pdf","library/group1/aipdf/older style/Complete Chess PDF Courses/1 d4 2 c4 Complete White Repertoire/18 - Tactics and Calculation/01 - Active Training Workbook.pdf","1655883","e8a12b91fd963a90edea1786c685539081a771622b42c987074590e38a994707","git","1655883","e8a12b91fd963a90edea1786c685539081a771622b42c987074590e38a994707"
"chess6","group1/aipdf/older style/Complete Chess PDF Courses/1 d4 2 c4 Complete White Repertoire/19 - Endgames and Conversion/00 - Complete Course Book.pdf","library/group1/aipdf/older style/Complete Chess PDF Courses/1 d4 2 c4 Complete White Repertoire/19 - Endgames and Conversion/00 - Complete Course Book.pdf","1606307","b0f41eebdeea4127e0e5bca8c0734b345188f7380d8e4aa2a429863f7c2f5826","git","1606307","b0f41eebdeea4127e0e5bca8c0734b345188f7380d8e4aa2a429863f7c2f5826"
"chess6","group1/aipdf/older style/Complete Chess PDF Courses/1 d4 2 c4 Complete White Repertoire/19 - Endgames and Conversion/01 - Active Training Workbook.pdf","library/group1/aipdf/older style/Complete Chess PDF Courses/1 d4 2 c4 Complete White Repertoire/19 - Endgames and Conversion/01 - Active Training Workbook.pdf","1561789","acb2432a6950444487d4bdd625033fd1323109bd0a05b3debba6dd915d043c21","git","1561789","acb2432a6950444487d4bdd625033fd1323109bd0a05b3debba6dd915d043c21"
"chess6","group1/aipdf/older style/Complete Chess PDF Courses/1 d4 2 c4 Complete White Repertoire/20 - Theory Training/00 - Complete Course Book.pdf","library/group1/aipdf/older style/Complete Chess PDF Courses/1 d4 2 c4 Complete White Repertoire/20 - Theory Training/00 - Complete Course Book.pdf","1519069","82b047ebe9352bb98af339a71158367381320d0d251cb9aa11574dd802e595cb","git","1519069","82b047ebe9352bb98af339a71158367381320d0d251cb9aa11574dd802e595cb"
"chess6","group1/aipdf/older style/Complete Chess PDF Courses/1 d4 2 c4 Complete White Repertoire/20 - Theory Training/01 - Active Training Workbook.pdf","library/group1/aipdf/older style/Complete Chess PDF Courses/1 d4 2 c4 Complete White Repertoire/20 - Theory Training/01 - Active Training Workbook.pdf","1474429","503bf1842d065127851003516c6bd1bfa3604f827da95bb0cc75f38356ebcb83","git","1474429","503bf1842d065127851003516c6bd1bfa3604f827da95bb0cc75f38356ebcb83"
"chess6","group1/aipdf/older style/Complete Chess PDF Courses/10 - Solid Chess/00 - Complete Course Book.pdf","library/group1/aipdf/older style/Complete Chess PDF Courses/10 - Solid Chess/00 - Complete Course Book.pdf","2717511","f8d123f7eb7ae84c38a2d972b8b221a6e8d0eb8fa5911a2ca88d0895dad751a3","git","2717511","f8d123f7eb7ae84c38a2d972b8b221a6e8d0eb8fa5911a2ca88d0895dad751a3"
"chess6","group1/aipdf/older style/Complete Chess PDF Courses/10 - Solid Chess/01 - Active Training Workbook.pdf","library/group1/aipdf/older style/Complete Chess PDF Courses/10 - Solid Chess/01 - Active Training Workbook.pdf","2653025","27e600457a76d4ddb0caedc233ec6a91170159d9c2d066eef10c4a88b8d8d68a","git","2653025","27e600457a76d4ddb0caedc233ec6a91170159d9c2d066eef10c4a88b8d8d68a"
"chess6","group1/aipdf/older style/Complete Chess PDF Courses/11 - Getting to 2200 Elo/00 - Complete Course Book.pdf","library/group1/aipdf/older style/Complete Chess PDF Courses/11 - Getting to 2200 Elo/00 - Complete Course Book.pdf","2803195","a855df6ed31370c3a61b01906f80c30e5d3e5c023583a23e19695b13f40757d7","git","2803195","a855df6ed31370c3a61b01906f80c30e5d3e5c023583a23e19695b13f40757d7"
"chess6","group1/aipdf/older style/Complete Chess PDF Courses/11 - Getting to 2200 Elo/01 - Active Training Workbook.pdf","library/group1/aipdf/older style/Complete Chess PDF Courses/11 - Getting to 2200 Elo/01 - Active Training Workbook.pdf","2694853","c072617238374b7f0847ce82de432e2926c18740f6cbed157f2d1b2fbc420b71","git","2694853","c072617238374b7f0847ce82de432e2926c18740f6cbed157f2d1b2fbc420b71"
"chess6","group1/aipdf/older style/Complete Chess PDF Courses/12 - Italian Game/00 - Complete Course Book.pdf","library/group1/aipdf/older style/Complete Chess PDF Courses/12 - Italian Game/00 - Complete Course Book.pdf","2551976","27932be0084d111db312ae9ce7d0c38877786977a64aa2c0c33c5389f607341a","git","2551976","27932be0084d111db312ae9ce7d0c38877786977a64aa2c0c33c5389f607341a"
"chess6","group1/aipdf/older style/Complete Chess PDF Courses/12 - Italian Game/01 - Active Training Workbook.pdf","library/group1/aipdf/older style/Complete Chess PDF Courses/12 - Italian Game/01 - Active Training Workbook.pdf","2489632","08c77868f1550581a2d74e5f16bbdb7f9479d0eea65eb9d3d0fa2d3a0adac342","git","2489632","08c77868f1550581a2d74e5f16bbdb7f9479d0eea65eb9d3d0fa2d3a0adac342"
"chess6","group1/aipdf/older style/Complete Chess PDF Courses/13 - Scotch Game/00 - Complete Course Book.pdf","library/group1/aipdf/older style/Complete Chess PDF Courses/13 - Scotch Game/00 - Complete Course Book.pdf","1371004","348892d91823c917b8db6e37833250e1eb735e085976906b88d299569d8d872d","git","1371004","348892d91823c917b8db6e37833250e1eb735e085976906b88d299569d8d872d"
"chess6","group1/aipdf/older style/Complete Chess PDF Courses/13 - Scotch Game/01 - Active Training Workbook.pdf","library/group1/aipdf/older style/Complete Chess PDF Courses/13 - Scotch Game/01 - Active Training Workbook.pdf","1327580","ef648779e042bd98d9896345d8e657c7539108ba20647112350e9d570e7abc3f","git","1327580","ef648779e042bd98d9896345d8e657c7539108ba20647112350e9d570e7abc3f"
"chess6","group1/aipdf/older style/Complete Chess PDF Courses/14 - English Opening/00 - Complete Course Book.pdf","library/group1/aipdf/older style/Complete Chess PDF Courses/14 - English Opening/00 - Complete Course Book.pdf","1749888","66de41b28e609db4725fee9c2c6afd265fd52daec4d8e33bf4a1581a5b779c74","git","1749888","66de41b28e609db4725fee9c2c6afd265fd52daec4d8e33bf4a1581a5b779c74"
"chess6","group1/aipdf/older style/Complete Chess PDF Courses/14 - English Opening/01 - Active Training Workbook.pdf","library/group1/aipdf/older style/Complete Chess PDF Courses/14 - English Opening/01 - Active Training Workbook.pdf","1706762","09e56fce0791777394cf52fcdfacd7e2d224aed12b469e0e4613f63eccb17d02","git","1706762","09e56fce0791777394cf52fcdfacd7e2d224aed12b469e0e4613f63eccb17d02"
"chess6","group1/aipdf/older style/Complete Chess PDF Courses/15 - Catalan Opening/00 - Complete Course Book.pdf","library/group1/aipdf/older style/Complete Chess PDF Courses/15 - Catalan Opening/00 - Complete Course Book.pdf","1480033","7196811270891ad32a8b90c415a07f60d6477f88558d40f745feaa4caec12c48","git","1480033","7196811270891ad32a8b90c415a07f60d6477f88558d40f745feaa4caec12c48"
"chess6","group1/aipdf/older style/Complete Chess PDF Courses/15 - Catalan Opening/01 - Active Training Workbook.pdf","library/group1/aipdf/older style/Complete Chess PDF Courses/15 - Catalan Opening/01 - Active Training Workbook.pdf","1436869","adb8f9c4dcfc15934ee870470b12a33bfe3e10033a60ec83400b41d531987017","git","1436869","adb8f9c4dcfc15934ee870470b12a33bfe3e10033a60ec83400b41d531987017"
"chess6","group1/aipdf/older style/Complete Chess PDF Courses/16 - French Defense/00 - Complete Course Book.pdf","library/group1/aipdf/older style/Complete Chess PDF Courses/16 - French Defense/00 - Complete Course Book.pdf","2803128","04434a2388fc70fa52c479456f500c04862045963c6295a7fd6fc148573ec8c8","git","2803128","04434a2388fc70fa52c479456f500c04862045963c6295a7fd6fc148573ec8c8"
"chess6","group1/aipdf/older style/Complete Chess PDF Courses/16 - French Defense/01 - Active Training Workbook.pdf","library/group1/aipdf/older style/Complete Chess PDF Courses/16 - French Defense/01 - Active Training Workbook.pdf","2740221","a814c9913c4c751bd7c1f89d20e7b8c59a8eb26c676b87a13a2dd20f27af3b4b","git","2740221","a814c9913c4c751bd7c1f89d20e7b8c59a8eb26c676b87a13a2dd20f27af3b4b"
"chess6","group1/aipdf/older style/Complete Chess PDF Courses/17 - Scandinavian Defense/00 - Complete Course Book.pdf","library/group1/aipdf/older style/Complete Chess PDF Courses/17 - Scandinavian Defense/00 - Complete Course Book.pdf","2635503","841bf9d691efbba1f4173382eb961981cc480f775d1856bac9405486dae87adc","git","2635503","841bf9d691efbba1f4173382eb961981cc480f775d1856bac9405486dae87adc"
"chess6","group1/aipdf/older style/Complete Chess PDF Courses/17 - Scandinavian Defense/01 - Active Training Workbook.pdf","library/group1/aipdf/older style/Complete Chess PDF Courses/17 - Scandinavian Defense/01 - Active Training Workbook.pdf","2572698","b0a57b0c2be38c0a445c1cbc8b40856bf390252b16359bebe7c732503409880d","git","2572698","b0a57b0c2be38c0a445c1cbc8b40856bf390252b16359bebe7c732503409880d"
"chess6","group1/aipdf/older style/Complete Chess PDF Courses/18 - Bishops Opening/00 - Complete Course Book.pdf","library/group1/aipdf/older style/Complete Chess PDF Courses/18 - Bishops Opening/00 - Complete Course Book.pdf","2589549","e12e675f3d5a1d925b31e4f29deade31ec74ce14b49422635fb431171b472ad7","git","2589549","e12e675f3d5a1d925b31e4f29deade31ec74ce14b49422635fb431171b472ad7"
"chess6","group1/aipdf/older style/Complete Chess PDF Courses/18 - Bishops Opening/01 - Active Training Workbook.pdf","library/group1/aipdf/older style/Complete Chess PDF Courses/18 - Bishops Opening/01 - Active Training Workbook.pdf","2527174","4b1e14f3b6e12709a4981d4fc38828f31e3823e2790a3e43157e843c51c3d2c7","git","2527174","4b1e14f3b6e12709a4981d4fc38828f31e3823e2790a3e43157e843c51c3d2c7"
"chess6","group1/aipdf/older style/Complete Chess PDF Courses/19 - Slav and Semi-Slav/00 - Complete Course Book.pdf","library/group1/aipdf/older style/Complete Chess PDF Courses/19 - Slav and Semi-Slav/00 - Complete Course Book.pdf","1611282","84fd37a2189fc7b9ef033f9b95ae0d98e56f46b92dd1c559eed5b8cb1cc1e070","git","1611282","84fd37a2189fc7b9ef033f9b95ae0d98e56f46b92dd1c559eed5b8cb1cc1e070"
"chess6","group1/aipdf/older style/Complete Chess PDF Courses/19 - Slav and Semi-Slav/01 - Active Training Workbook.pdf","library/group1/aipdf/older style/Complete Chess PDF Courses/19 - Slav and Semi-Slav/01 - Active Training Workbook.pdf","1570679","e8d8d23152bf1638039b9d76c3814b8452d670a06fd19fc2110f1ba0d9c56f86","git","1570679","e8d8d23152bf1638039b9d76c3814b8452d670a06fd19fc2110f1ba0d9c56f86"
"chess6","group1/aipdf/older style/Complete Chess PDF Courses/20 - QGD for Black/00 - Complete Course Book.pdf","library/group1/aipdf/older style/Complete Chess PDF Courses/20 - QGD for Black/00 - Complete Course Book.pdf","1763928","3c92f7c59615240ade393d9af4efa50976aa5a5ae3f74fa2e83fcb95810a5597","git","1763928","3c92f7c59615240ade393d9af4efa50976aa5a5ae3f74fa2e83fcb95810a5597"
"chess6","group1/aipdf/older style/Complete Chess PDF Courses/20 - QGD for Black/01 - Active Training Workbook.pdf","library/group1/aipdf/older style/Complete Chess PDF Courses/20 - QGD for Black/01 - Active Training Workbook.pdf","1719104","4539f9a1c6d0c5692276cb29f2c04c48ff7e7964dfe226c52c2cfbb8b7e4f043","git","1719104","4539f9a1c6d0c5692276cb29f2c04c48ff7e7964dfe226c52c2cfbb8b7e4f043"
"chess6","group1/aipdf/older style/Complete Chess PDF Courses/21 - Nimzo-Indian Defense/00 - Complete Course Book.pdf","library/group1/aipdf/older style/Complete Chess PDF Courses/21 - Nimzo-Indian Defense/00 - Complete Course Book.pdf","1258941","695592d1e2d742d9a7e99ce4507b286f914a79b22883f70f2597d5e7858232f3","git","1258941","695592d1e2d742d9a7e99ce4507b286f914a79b22883f70f2597d5e7858232f3"
"chess6","group1/aipdf/older style/Complete Chess PDF Courses/21 - Nimzo-Indian Defense/01 - Active Training Workbook.pdf","library/group1/aipdf/older style/Complete Chess PDF Courses/21 - Nimzo-Indian Defense/01 - Active Training Workbook.pdf","1215542","0bca3b3c0879ab65c0176abdd7e58f57926daa311341bcb8f80e0a69c8210975","git","1215542","0bca3b3c0879ab65c0176abdd7e58f57926daa311341bcb8f80e0a69c8210975"
"chess6","group1/aipdf/older style/Complete Chess PDF Courses/22 - Queens Indian Defense/00 - Complete Course Book.pdf","library/group1/aipdf/older style/Complete Chess PDF Courses/22 - Queens Indian Defense/00 - Complete Course Book.pdf","1350561","3ea831353010c9128bf9413721e0f79e95b7bb5570fb1fed99435f2d1a44c011","git","1350561","3ea831353010c9128bf9413721e0f79e95b7bb5570fb1fed99435f2d1a44c011"
"chess6","group1/aipdf/older style/Complete Chess PDF Courses/22 - Queens Indian Defense/01 - Active Training Workbook.pdf","library/group1/aipdf/older style/Complete Chess PDF Courses/22 - Queens Indian Defense/01 - Active Training Workbook.pdf","1307444","15b2211318cd449ee0b92fd7c10cdb9c420a1467bb51624176a6d209169b82d0","git","1307444","15b2211318cd449ee0b92fd7c10cdb9c420a1467bb51624176a6d209169b82d0"
"chess6","group1/aipdf/older style/Complete Chess PDF Courses/23 - Gruenfeld Defense/00 - Complete Course Book.pdf","library/group1/aipdf/older style/Complete Chess PDF Courses/23 - Gruenfeld Defense/00 - Complete Course Book.pdf","1335745","f123ba6a236bdfdc75198c947c5c38d7ccfa04bab9d52a7e58c1d603105edb10","git","1335745","f123ba6a236bdfdc75198c947c5c38d7ccfa04bab9d52a7e58c1d603105edb10"
"chess6","group1/aipdf/older style/Complete Chess PDF Courses/23 - Gruenfeld Defense/01 - Active Training Workbook.pdf","library/group1/aipdf/older style/Complete Chess PDF Courses/23 - Gruenfeld Defense/01 - Active Training Workbook.pdf","1292888","fa3efda69ecf3e3ccbf941b9d901eeda36d4968c048b16d3fcb8574d1fd511d5","git","1292888","fa3efda69ecf3e3ccbf941b9d901eeda36d4968c048b16d3fcb8574d1fd511d5"
"chess6","group1/aipdf/older style/Complete Chess PDF Courses/24 - Pirc and Modern Defense/00 - Complete Course Book.pdf","library/group1/aipdf/older style/Complete Chess PDF Courses/24 - Pirc and Modern Defense/00 - Complete Course Book.pdf","1934384","64c1d1dec9e1c5853a3d99a572decda052d65a31c49a5aed4f092cc613a82623","git","1934384","64c1d1dec9e1c5853a3d99a572decda052d65a31c49a5aed4f092cc613a82623"
"chess6","group1/aipdf/older style/Complete Chess PDF Courses/24 - Pirc and Modern Defense/01 - Active Training Workbook.pdf","library/group1/aipdf/older style/Complete Chess PDF Courses/24 - Pirc and Modern Defense/01 - Active Training Workbook.pdf","1889747","b859472bd512767e8ed6d6f40fd60ce7e4d43609bc8cff399ce23811c4d102f5","git","1889747","b859472bd512767e8ed6d6f40fd60ce7e4d43609bc8cff399ce23811c4d102f5"
"chess6","group1/aipdf/older style/Complete Chess PDF Courses/25 - Petroff Defense/00 - Complete Course Book.pdf","library/group1/aipdf/older style/Complete Chess PDF Courses/25 - Petroff Defense/00 - Complete Course Book.pdf","1212088","211589b473740a807ff2eaf48bc57502262c546635c4e9377b0826acdcb54ac6","git","1212088","211589b473740a807ff2eaf48bc57502262c546635c4e9377b0826acdcb54ac6"
"chess6","group1/aipdf/older style/Complete Chess PDF Courses/25 - Petroff Defense/01 - Active Training Workbook.pdf","library/group1/aipdf/older style/Complete Chess PDF Courses/25 - Petroff Defense/01 - Active Training Workbook.pdf","1169170","72798c4d5f92331852c76efef7f54d9b85fe90ec2684696f8063afd2d15bd39f","git","1169170","72798c4d5f92331852c76efef7f54d9b85fe90ec2684696f8063afd2d15bd39f"
"chess6","group1/aipdf/older style/Complete Chess PDF Courses/26 - Dutch Defense/00 - Complete Course Book.pdf","library/group1/aipdf/older style/Complete Chess PDF Courses/26 - Dutch Defense/00 - Complete Course Book.pdf","1772395","019a1a18addfc77f8016bd1c8feccaecb9815856784b97a4400fd5aa6efd35d8","git","1772395","019a1a18addfc77f8016bd1c8feccaecb9815856784b97a4400fd5aa6efd35d8"
"chess6","group1/aipdf/older style/Complete Chess PDF Courses/26 - Dutch Defense/01 - Active Training Workbook.pdf","library/group1/aipdf/older style/Complete Chess PDF Courses/26 - Dutch Defense/01 - Active Training Workbook.pdf","1729361","abfc36d3ee1c37b1514332a395b1b289eb3d4e773586984eed2b116110b0b6e6","git","1729361","abfc36d3ee1c37b1514332a395b1b289eb3d4e773586984eed2b116110b0b6e6"
"chess6","group1/aipdf/older style/Complete Chess PDF Courses/27 - Tactical Pattern Recognition/00 - Complete Course Book.pdf","library/group1/aipdf/older style/Complete Chess PDF Courses/27 - Tactical Pattern Recognition/00 - Complete Course Book.pdf","1889421","6a5ce1aca7b514a8b51acdbb4afe4a95b9f391d192c227c7c79d6520c22fbc63","git","1889421","6a5ce1aca7b514a8b51acdbb4afe4a95b9f391d192c227c7c79d6520c22fbc63"
"chess6","group1/aipdf/older style/Complete Chess PDF Courses/27 - Tactical Pattern Recognition/01 - Active Training Workbook.pdf","library/group1/aipdf/older style/Complete Chess PDF Courses/27 - Tactical Pattern Recognition/01 - Active Training Workbook.pdf","1837441","7f2deb7902973059b8a7267a55313dcaeea3836d5957153a92b859c49feeac40","git","1837441","7f2deb7902973059b8a7267a55313dcaeea3836d5957153a92b859c49feeac40"
"chess6","group1/aipdf/older style/Complete Chess PDF Courses/28 - Calculation and Candidate Moves/00 - Complete Course Book.pdf","library/group1/aipdf/older style/Complete Chess PDF Courses/28 - Calculation and Candidate Moves/00 - Complete Course Book.pdf","1889583","5caaf3b18f82074e5ccd11343819463bff2b98ef71f7fea58a60d985f7348cb2","git","1889583","5caaf3b18f82074e5ccd11343819463bff2b98ef71f7fea58a60d985f7348cb2"
"chess6","group1/aipdf/older style/Complete Chess PDF Courses/28 - Calculation and Candidate Moves/01 - Active Training Workbook.pdf","library/group1/aipdf/older style/Complete Chess PDF Courses/28 - Calculation and Candidate Moves/01 - Active Training Workbook.pdf","1837459","2aca6890a87e7e36f4332de91f722fb0bf291a545e4f9ab9d7299c2e435f7fb8","git","1837459","2aca6890a87e7e36f4332de91f722fb0bf291a545e4f9ab9d7299c2e435f7fb8"
"chess6","group1/aipdf/older style/Complete Chess PDF Courses/29 - Pawn Structure Mastery/00 - Complete Course Book.pdf","library/group1/aipdf/older style/Complete Chess PDF Courses/29 - Pawn Structure Mastery/00 - Complete Course Book.pdf","1888621","98650752860b1dc37674218a7ab7ff0313ce4ce6d579a8aceae9ec094fe2a948","git","1888621","98650752860b1dc37674218a7ab7ff0313ce4ce6d579a8aceae9ec094fe2a948"
"chess6","group1/aipdf/older style/Complete Chess PDF Courses/29 - Pawn Structure Mastery/01 - Active Training Workbook.pdf","library/group1/aipdf/older style/Complete Chess PDF Courses/29 - Pawn Structure Mastery/01 - Active Training Workbook.pdf","1837191","309f70cda7b8e1c83461bb33f919d414a326ce9f17e724f66091c97973b1bf7f","git","1837191","309f70cda7b8e1c83461bb33f919d414a326ce9f17e724f66091c97973b1bf7f"
"chess6","group1/aipdf/older style/Complete Chess PDF Courses/30 - Positional Logic and Planning/00 - Complete Course Book.pdf","library/group1/aipdf/older style/Complete Chess PDF Courses/30 - Positional Logic and Planning/00 - Complete Course Book.pdf","1888824","cae5aef7fc453b395d3086c9d970e9d39af2c5dc3d79ce6dff30356db2694a6f","git","1888824","cae5aef7fc453b395d3086c9d970e9d39af2c5dc3d79ce6dff30356db2694a6f"
"chess6","group1/aipdf/older style/Complete Chess PDF Courses/30 - Positional Logic and Planning/01 - Active Training Workbook.pdf","library/group1/aipdf/older style/Complete Chess PDF Courses/30 - Positional Logic and Planning/01 - Active Training Workbook.pdf","1837185","77a3b0ea31a5b594d1e571e80d74cce58dad4834da5f6fba8f229625755a1c04","git","1837185","77a3b0ea31a5b594d1e571e80d74cce58dad4834da5f6fba8f229625755a1c04"
"chess6","group1/aipdf/older style/Complete Chess PDF Courses/31 - Piece Improvement and Exchanges/00 - Complete Course Book.pdf","library/group1/aipdf/older style/Complete Chess PDF Courses/31 - Piece Improvement and Exchanges/00 - Complete Course Book.pdf","1889230","4d60cf9f4ae374d0d0bf8dc2353e22fa9f7238932b15bc5a1717612c073a974a","git","1889230","4d60cf9f4ae374d0d0bf8dc2353e22fa9f7238932b15bc5a1717612c073a974a"
"chess6","group1/aipdf/older style/Complete Chess PDF Courses/31 - Piece Improvement and Exchanges/01 - Active Training Workbook.pdf","library/group1/aipdf/older style/Complete Chess PDF Courses/31 - Piece Improvement and Exchanges/01 - Active Training Workbook.pdf","1837391","82c9e1f0b0b602d9c4753d2a994d7fd26cd38bda71d27e8d45669a84eeea6adf","git","1837391","82c9e1f0b0b602d9c4753d2a994d7fd26cd38bda71d27e8d45669a84eeea6adf"
"chess6","group1/aipdf/older style/Complete Chess PDF Courses/32 - Attacking Chess and King Safety/00 - Complete Course Book.pdf","library/group1/aipdf/older style/Complete Chess PDF Courses/32 - Attacking Chess and King Safety/00 - Complete Course Book.pdf","1889565","c5bb548dbbc99857159c5ec6fe5d163a390d7cb81178892443d17af1c7a14a2c","git","1889565","c5bb548dbbc99857159c5ec6fe5d163a390d7cb81178892443d17af1c7a14a2c"
"chess6","group1/aipdf/older style/Complete Chess PDF Courses/32 - Attacking Chess and King Safety/01 - Active Training Workbook.pdf","library/group1/aipdf/older style/Complete Chess PDF Courses/32 - Attacking Chess and King Safety/01 - Active Training Workbook.pdf","1837589","1c0bd2fa06052212c63492bb6cf5fe90428b377686af9cfbdcd61f49f1b89760","git","1837589","1c0bd2fa06052212c63492bb6cf5fe90428b377686af9cfbdcd61f49f1b89760"
"chess6","group1/aipdf/older style/Complete Chess PDF Courses/33 - Defense Prophylaxis Counterplay/00 - Complete Course Book.pdf","library/group1/aipdf/older style/Complete Chess PDF Courses/33 - Defense Prophylaxis Counterplay/00 - Complete Course Book.pdf","1889985","88cbaf378a585e379cf6b97360832b9a8caa7a09a99b937177554549d1f18420","git","1889985","88cbaf378a585e379cf6b97360832b9a8caa7a09a99b937177554549d1f18420"
"chess6","group1/aipdf/older style/Complete Chess PDF Courses/33 - Defense Prophylaxis Counterplay/01 - Active Training Workbook.pdf","library/group1/aipdf/older style/Complete Chess PDF Courses/33 - Defense Prophylaxis Counterplay/01 - Active Training Workbook.pdf","1837750","bf7bce7d6141b37225167051fcec67d0aa5de4b68a45d35ad786fe09f6f7adaf","git","1837750","bf7bce7d6141b37225167051fcec67d0aa5de4b68a45d35ad786fe09f6f7adaf"
"chess6","group1/aipdf/older style/Complete Chess PDF Courses/34 - Initiative Dynamics Sacrifices/00 - Complete Course Book.pdf","library/group1/aipdf/older style/Complete Chess PDF Courses/34 - Initiative Dynamics Sacrifices/00 - Complete Course Book.pdf","1889766","0b127a9aa4ada953c9008bf97daa8767249aa669066b846f285ec2b0e6eecc3e","git","1889766","0b127a9aa4ada953c9008bf97daa8767249aa669066b846f285ec2b0e6eecc3e"
"chess6","group1/aipdf/older style/Complete Chess PDF Courses/34 - Initiative Dynamics Sacrifices/01 - Active Training Workbook.pdf","library/group1/aipdf/older style/Complete Chess PDF Courses/34 - Initiative Dynamics Sacrifices/01 - Active Training Workbook.pdf","1837665","8e488a8efb8c0d405c943bf913cdd05728b5f48cc6f0a705ccebce4b67e15243","git","1837665","8e488a8efb8c0d405c943bf913cdd05728b5f48cc6f0a705ccebce4b67e15243"
"chess6","group1/aipdf/older style/Complete Chess PDF Courses/35 - Endgame Fundamentals/00 - Complete Course Book.pdf","library/group1/aipdf/older style/Complete Chess PDF Courses/35 - Endgame Fundamentals/00 - Complete Course Book.pdf","1888363","9825cd243e6719a31eb04d4d6e11245837c2a8ff8a2d166076390fb4e6799963","git","1888363","9825cd243e6719a31eb04d4d6e11245837c2a8ff8a2d166076390fb4e6799963"
"chess6","group1/aipdf/older style/Complete Chess PDF Courses/35 - Endgame Fundamentals/01 - Active Training Workbook.pdf","library/group1/aipdf/older style/Complete Chess PDF Courses/35 - Endgame Fundamentals/01 - Active Training Workbook.pdf","1837165","5114f660b6cc5144c9d4007e81518aa853c878f921f10a3dc8fd252fda002af0","git","1837165","5114f660b6cc5144c9d4007e81518aa853c878f921f10a3dc8fd252fda002af0"
"chess6","group1/aipdf/older style/Complete Chess PDF Courses/36 - Rook Endgames/00 - Complete Course Book.pdf","library/group1/aipdf/older style/Complete Chess PDF Courses/36 - Rook Endgames/00 - Complete Course Book.pdf","601468","3ff6fe50fb30938dd3695cd096e6d4a61f33bb7ae0508003d4b22f752917251f","git","601468","3ff6fe50fb30938dd3695cd096e6d4a61f33bb7ae0508003d4b22f752917251f"
"chess6","group1/aipdf/older style/Complete Chess PDF Courses/36 - Rook Endgames/01 - Active Training Workbook.pdf","library/group1/aipdf/older style/Complete Chess PDF Courses/36 - Rook Endgames/01 - Active Training Workbook.pdf","557007","ed428bb14f48308275e8fc831fd53020daf138943dd394bb806271e6f1f4a3b9","git","557007","ed428bb14f48308275e8fc831fd53020daf138943dd394bb806271e6f1f4a3b9"
"chess6","group1/aipdf/older style/Complete Chess PDF Courses/37 - Pawn and Minor-Piece Endgames/00 - Complete Course Book.pdf","library/group1/aipdf/older style/Complete Chess PDF Courses/37 - Pawn and Minor-Piece Endgames/00 - Complete Course Book.pdf","601108","3a2ac32afea98520969414b526eaddcd236eaac3ad4c9ecfdf18208008ae7792","git","601108","3a2ac32afea98520969414b526eaddcd236eaac3ad4c9ecfdf18208008ae7792"
"chess6","group1/aipdf/older style/Complete Chess PDF Courses/37 - Pawn and Minor-Piece Endgames/01 - Active Training Workbook.pdf","library/group1/aipdf/older style/Complete Chess PDF Courses/37 - Pawn and Minor-Piece Endgames/01 - Active Training Workbook.pdf","556662","f0ce3ed872aef1c4ecd3ea2a172c76d757ceb7b36bc211b72b13b50964dcb962","git","556662","f0ce3ed872aef1c4ecd3ea2a172c76d757ceb7b36bc211b72b13b50964dcb962"
"chess6","group1/aipdf/older style/Complete Chess PDF Courses/38 - Conversion and Technical Chess/00 - Complete Course Book.pdf","library/group1/aipdf/older style/Complete Chess PDF Courses/38 - Conversion and Technical Chess/00 - Complete Course Book.pdf","1889075","d3cb7bec3a210a8aa39e95db0fc3f6d0ec986b14ce23a948b32772b3511ceb69","git","1889075","d3cb7bec3a210a8aa39e95db0fc3f6d0ec986b14ce23a948b32772b3511ceb69"
"chess6","group1/aipdf/older style/Complete Chess PDF Courses/38 - Conversion and Technical Chess/01 - Active Training Workbook.pdf","library/group1/aipdf/older style/Complete Chess PDF Courses/38 - Conversion and Technical Chess/01 - Active Training Workbook.pdf","1837515","9bcd0cf1c0769d11c7741ac808c4f142599ed820aaadcb5c49cef53042be80e9","git","1837515","9bcd0cf1c0769d11c7741ac808c4f142599ed820aaadcb5c49cef53042be80e9"
"chess6","group1/aipdf/older style/Complete Chess PDF Courses/39 - Time Management and Decisions/00 - Complete Course Book.pdf","library/group1/aipdf/older style/Complete Chess PDF Courses/39 - Time Management and Decisions/00 - Complete Course Book.pdf","1890091","1a7872a847534501c22d440cda74c41b7e4fdc804aa575819166effacbdfc0e2","git","1890091","1a7872a847534501c22d440cda74c41b7e4fdc804aa575819166effacbdfc0e2"
"chess6","group1/aipdf/older style/Complete Chess PDF Courses/39 - Time Management and Decisions/01 - Active Training Workbook.pdf","library/group1/aipdf/older style/Complete Chess PDF Courses/39 - Time Management and Decisions/01 - Active Training Workbook.pdf","1837816","e8cb5d3a72f6829d0facd2a8249e63bc089cdfbe080f6b6819faf0b475f5610f","git","1837816","e8cb5d3a72f6829d0facd2a8249e63bc089cdfbe080f6b6819faf0b475f5610f"
"chess6","group1/aipdf/older style/Complete Chess PDF Courses/40 - Game Analysis and Error Correction/00 - Complete Course Book.pdf","library/group1/aipdf/older style/Complete Chess PDF Courses/40 - Game Analysis and Error Correction/00 - Complete Course Book.pdf","1889876","ac8b2f967a84896e367b11a512e97db54b9884de7489df56dd00ca8f1ec39441","git","1889876","ac8b2f967a84896e367b11a512e97db54b9884de7489df56dd00ca8f1ec39441"
"chess6","group1/aipdf/older style/Complete Chess PDF Courses/40 - Game Analysis and Error Correction/01 - Active Training Workbook.pdf","library/group1/aipdf/older style/Complete Chess PDF Courses/40 - Game Analysis and Error Correction/01 - Active Training Workbook.pdf","1837668","5c8d7eb46d8d6c99d480b77abd53229a3582d051373ea8e3fcee356a26e50294","git","1837668","5c8d7eb46d8d6c99d480b77abd53229a3582d051373ea8e3fcee356a26e50294"
"chess6","group1/aipdf/older style/Complete Chess PDF Courses/41 - Tournament Preparation/00 - Complete Course Book.pdf","library/group1/aipdf/older style/Complete Chess PDF Courses/41 - Tournament Preparation/00 - Complete Course Book.pdf","1890806","acde941ee211562e2c4d9d2ddec451ea2d758ee2c1ff4789db61cdcc4101422e","git","1890806","acde941ee211562e2c4d9d2ddec451ea2d758ee2c1ff4789db61cdcc4101422e"
"chess6","group1/aipdf/older style/Complete Chess PDF Courses/41 - Tournament Preparation/01 - Active Training Workbook.pdf","library/group1/aipdf/older style/Complete Chess PDF Courses/41 - Tournament Preparation/01 - Active Training Workbook.pdf","1838069","643ffea9c55062b44b01bbfdde0b4aaed1c3398d4436a7629a3cc5050500f817","git","1838069","643ffea9c55062b44b01bbfdde0b4aaed1c3398d4436a7629a3cc5050500f817"
"chess6","group1/aipdf/older style/Complete Chess PDF Courses/Course Library Index.txt","library/group1/aipdf/older style/Complete Chess PDF Courses/Course Library Index.txt","2661","d6c5ef9eb8527bd1815f75d479b3e6b1e3b9c9ab66db9e4a5e210ff29835b9e0","git","2661","d6c5ef9eb8527bd1815f75d479b3e6b1e3b9c9ab66db9e4a5e210ff29835b9e0"
"chess6","group1/aipdf/older style/Complete Chess PDF Courses/Library QA.txt","library/group1/aipdf/older style/Complete Chess PDF Courses/Library QA.txt","797","66adca8743b9b80626e682fb9eb3df0e2f30055beb30b3087d189c7cf79f6504","git","797","66adca8743b9b80626e682fb9eb3df0e2f30055beb30b3087d189c7cf79f6504"
"chess6","group1/aipdf/older style/Complete Chess PDF Courses.zip","library/group1/aipdf/older style/Complete Chess PDF Courses.zip","158853550","1a01ec99acbe0e2b9b6153d6e546564fa50ce527544738cbab875f8e0e2216da","git-lfs","134","c7faf0edd8dcf054f4909bbbd17e221bbfcaecc13d3ee854dd2312cce82e57f4"
